<ImportExportXml version="5.0.9690.4376" minimumversion="5.0" languagecode="1033" generatedBy="OnPremise" xmlns:xsi="http://www.w3.org/2001/XMLSchema-instance">
  <SolutionManifest>
    <UniqueName>Default</UniqueName>
    <LocalizedNames>
      <LocalizedName description="Default Solution" languagecode="1033" />
    </LocalizedNames>
    <Descriptions>
      <Description description="Solution that contains all components in the system" languagecode="1033" />
    </Descriptions>
    <Version>1.0</Version>
    <Managed>0</Managed>
    <Publisher>
      <UniqueName>DefaultPublisherGRANTS</UniqueName>
      <LocalizedNames>
        <LocalizedName description="Default Publisher for GRANTS" languagecode="1033" />
      </LocalizedNames>
      <Descriptions>
        <Description description="Default publisher for this organization" languagecode="1033" />
      </Descriptions>
      <EMailAddress xsi:nil="true"></EMailAddress>
      <SupportingWebsiteUrl xsi:nil="true"></SupportingWebsiteUrl>
      <CustomizationPrefix>new</CustomizationPrefix>
      <CustomizationOptionValuePrefix>10000</CustomizationOptionValuePrefix>
      <Addresses>
        <Address>
          <AddressNumber>1</AddressNumber>
          <AddressTypeCode xsi:nil="true"></AddressTypeCode>
          <City xsi:nil="true"></City>
          <County xsi:nil="true"></County>
          <Country xsi:nil="true"></Country>
          <Fax xsi:nil="true"></Fax>
          <FreightTermsCode xsi:nil="true"></FreightTermsCode>
          <ImportSequenceNumber xsi:nil="true"></ImportSequenceNumber>
          <Latitude xsi:nil="true"></Latitude>
          <Line1 xsi:nil="true"></Line1>
          <Line2 xsi:nil="true"></Line2>
          <Line3 xsi:nil="true"></Line3>
          <Longitude xsi:nil="true"></Longitude>
          <Name xsi:nil="true"></Name>
          <PostalCode xsi:nil="true"></PostalCode>
          <PostOfficeBox xsi:nil="true"></PostOfficeBox>
          <PrimaryContactName xsi:nil="true"></PrimaryContactName>
          <ShippingMethodCode xsi:nil="true"></ShippingMethodCode>
          <StateOrProvince xsi:nil="true"></StateOrProvince>
          <Telephone1 xsi:nil="true"></Telephone1>
          <Telephone2 xsi:nil="true"></Telephone2>
          <Telephone3 xsi:nil="true"></Telephone3>
          <TimeZoneRuleVersionNumber xsi:nil="true"></TimeZoneRuleVersionNumber>
          <UPSZone xsi:nil="true"></UPSZone>
          <UTCOffset xsi:nil="true"></UTCOffset>
          <UTCConversionTimeZoneCode xsi:nil="true"></UTCConversionTimeZoneCode>
        </Address>
        <Address>
          <AddressNumber>2</AddressNumber>
          <AddressTypeCode xsi:nil="true"></AddressTypeCode>
          <City xsi:nil="true"></City>
          <County xsi:nil="true"></County>
          <Country xsi:nil="true"></Country>
          <Fax xsi:nil="true"></Fax>
          <FreightTermsCode xsi:nil="true"></FreightTermsCode>
          <ImportSequenceNumber xsi:nil="true"></ImportSequenceNumber>
          <Latitude xsi:nil="true"></Latitude>
          <Line1 xsi:nil="true"></Line1>
          <Line2 xsi:nil="true"></Line2>
          <Line3 xsi:nil="true"></Line3>
          <Longitude xsi:nil="true"></Longitude>
          <Name xsi:nil="true"></Name>
          <PostalCode xsi:nil="true"></PostalCode>
          <PostOfficeBox xsi:nil="true"></PostOfficeBox>
          <PrimaryContactName xsi:nil="true"></PrimaryContactName>
          <ShippingMethodCode xsi:nil="true"></ShippingMethodCode>
          <StateOrProvince xsi:nil="true"></StateOrProvince>
          <Telephone1 xsi:nil="true"></Telephone1>
          <Telephone2 xsi:nil="true"></Telephone2>
          <Telephone3 xsi:nil="true"></Telephone3>
          <TimeZoneRuleVersionNumber xsi:nil="true"></TimeZoneRuleVersionNumber>
          <UPSZone xsi:nil="true"></UPSZone>
          <UTCOffset xsi:nil="true"></UTCOffset>
          <UTCConversionTimeZoneCode xsi:nil="true"></UTCConversionTimeZoneCode>
        </Address>
      </Addresses>
    </Publisher>
    <RootComponents>
      <RootComponent type="1" schemaName="account" />
      <RootComponent type="1" schemaName="activitymimeattachment" />
      <RootComponent type="1" schemaName="activitypointer" />
      <RootComponent type="1" schemaName="annotation" />
      <RootComponent type="1" schemaName="appointment" />
      <RootComponent type="1" schemaName="bulkoperation" />
      <RootComponent type="1" schemaName="businessunit" />
      <RootComponent type="1" schemaName="campaign" />
      <RootComponent type="1" schemaName="campaignactivity" />
      <RootComponent type="1" schemaName="campaignresponse" />
      <RootComponent type="1" schemaName="competitor" />
      <RootComponent type="1" schemaName="competitoraddress" />
      <RootComponent type="1" schemaName="connection" />
      <RootComponent type="1" schemaName="connectionrole" />
      <RootComponent type="1" schemaName="constraintbasedgroup" />
      <RootComponent type="1" schemaName="contact" />
      <RootComponent type="1" schemaName="contract" />
      <RootComponent type="1" schemaName="contractdetail" />
      <RootComponent type="1" schemaName="contracttemplate" />
      <RootComponent type="1" schemaName="customeraddress" />
      <RootComponent type="1" schemaName="customeropportunityrole" />
      <RootComponent type="1" schemaName="customerrelationship" />
      <RootComponent type="1" schemaName="discount" />
      <RootComponent type="1" schemaName="discounttype" />
      <RootComponent type="1" schemaName="duplicaterule" />
      <RootComponent type="1" schemaName="duplicaterulecondition" />
      <RootComponent type="1" schemaName="email" />
      <RootComponent type="1" schemaName="equipment" />
      <RootComponent type="1" schemaName="fax" />
      <RootComponent type="1" schemaName="fieldpermission" />
      <RootComponent type="1" schemaName="fieldsecurityprofile" />
      <RootComponent type="1" schemaName="gm_auditfinding" />
      <RootComponent type="1" schemaName="gm_contractamendment" />
      <RootComponent type="1" schemaName="gm_forecastedcashneeds" />
      <RootComponent type="1" schemaName="gm_grantperformancecriterion" />
      <RootComponent type="1" schemaName="gm_paymentrequest" />
      <RootComponent type="1" schemaName="gm_paymentrequestdetail" />
      <RootComponent type="1" schemaName="gm_programperformancecriterium" />
      <RootComponent type="1" schemaName="gm_purchaseorder" />
      <RootComponent type="1" schemaName="gm_vendorservice" />
      <RootComponent type="1" schemaName="goal" />
      <RootComponent type="1" schemaName="goalrollupquery" />
      <RootComponent type="1" schemaName="importmap" />
      <RootComponent type="1" schemaName="incident" />
      <RootComponent type="1" schemaName="incidentresolution" />
      <RootComponent type="1" schemaName="internaladdress" />
      <RootComponent type="1" schemaName="invoice" />
      <RootComponent type="1" schemaName="invoicedetail" />
      <RootComponent type="1" schemaName="kbarticle" />
      <RootComponent type="1" schemaName="kbarticletemplate" />
      <RootComponent type="1" schemaName="lead" />
      <RootComponent type="1" schemaName="leadaddress" />
      <RootComponent type="1" schemaName="letter" />
      <RootComponent type="1" schemaName="list" />
      <RootComponent type="1" schemaName="mailmergetemplate" />
      <RootComponent type="1" schemaName="metric" />
      <RootComponent type="1" schemaName="new_award" />
      <RootComponent type="1" schemaName="new_budgetactivity" />
      <RootComponent type="1" schemaName="new_budgettransfer" />
      <RootComponent type="1" schemaName="new_carryoverfund" />
      <RootComponent type="1" schemaName="new_compensatedofficer" />
      <RootComponent type="1" schemaName="new_countrycodelookup" />
      <RootComponent type="1" schemaName="new_eligibilitycategory" />
      <RootComponent type="1" schemaName="new_federalstatereportsettings" />
      <RootComponent type="1" schemaName="new_fmsreconciler" />
      <RootComponent type="1" schemaName="new_foa" />
      <RootComponent type="1" schemaName="new_fundingsourceaudit" />
      <RootComponent type="1" schemaName="new_fundingsourcetype" />
      <RootComponent type="1" schemaName="new_geographicalareaserved" />
      <RootComponent type="1" schemaName="new_governmentcontractingoffice" />
      <RootComponent type="1" schemaName="new_grantapplicationsf424" />
      <RootComponent type="1" schemaName="new_grantprogram" />
      <RootComponent type="1" schemaName="new_grantsgovintegration" />
      <RootComponent type="1" schemaName="new_granttimecard" />
      <RootComponent type="1" schemaName="new_journalentry" />
      <RootComponent type="1" schemaName="new_matchingcontribution" />
      <RootComponent type="1" schemaName="new_organization" />
      <RootComponent type="1" schemaName="new_paymentadvance" />
      <RootComponent type="1" schemaName="new_paymentdisbursement" />
      <RootComponent type="1" schemaName="new_phase" />
      <RootComponent type="1" schemaName="new_programattribute" />
      <RootComponent type="1" schemaName="new_programattributetype" />
      <RootComponent type="1" schemaName="new_programfundingsource" />
      <RootComponent type="1" schemaName="new_programreivewcriteria" />
      <RootComponent type="1" schemaName="new_programreportschedule" />
      <RootComponent type="1" schemaName="new_programskill" />
      <RootComponent type="1" schemaName="new_projectactivity" />
      <RootComponent type="1" schemaName="new_projectaudit" />
      <RootComponent type="1" schemaName="new_projectperformancereport" />
      <RootComponent type="1" schemaName="new_projectphase" />
      <RootComponent type="1" schemaName="new_projectproperty" />
      <RootComponent type="1" schemaName="new_projecttypetag" />
      <RootComponent type="1" schemaName="new_proposal" />
      <RootComponent type="1" schemaName="new_proposalteammember" />
      <RootComponent type="1" schemaName="new_reimbursement" />
      <RootComponent type="1" schemaName="new_review" />
      <RootComponent type="1" schemaName="new_reviewer" />
      <RootComponent type="1" schemaName="new_reviewerskill" />
      <RootComponent type="1" schemaName="new_reviewgroupmember" />
      <RootComponent type="1" schemaName="new_reviewgroupmemberapplication" />
      <RootComponent type="1" schemaName="new_reviewgroupwizard" />
      <RootComponent type="1" schemaName="new_reviewpanel" />
      <RootComponent type="1" schemaName="new_scoring" />
      <RootComponent type="1" schemaName="new_skill" />
      <RootComponent type="1" schemaName="new_statelookup" />
      <RootComponent type="1" schemaName="new_transaction" />
      <RootComponent type="1" schemaName="new_transactionitem" />
      <RootComponent type="1" schemaName="new_vendor" />
      <RootComponent type="1" schemaName="new_vendorinvoice" />
      <RootComponent type="1" schemaName="opportunity" />
      <RootComponent type="1" schemaName="opportunityclose" />
      <RootComponent type="1" schemaName="opportunityproduct" />
      <RootComponent type="1" schemaName="orderclose" />
      <RootComponent type="1" schemaName="organization" />
      <RootComponent type="1" schemaName="pc_applicationhistory" />
      <RootComponent type="1" schemaName="pc_category" />
      <RootComponent type="1" schemaName="pc_countryregion" />
      <RootComponent type="1" schemaName="pc_goalsandobjectives" />
      <RootComponent type="1" schemaName="pc_metric" />
      <RootComponent type="1" schemaName="pc_programbudgetcodes" />
      <RootComponent type="1" schemaName="pc_programelement" />
      <RootComponent type="1" schemaName="pc_projectclassification" />
      <RootComponent type="1" schemaName="pc_referral" />
      <RootComponent type="1" schemaName="pc_timeline" />
      <RootComponent type="1" schemaName="pc_volunteerdocument" />
      <RootComponent type="1" schemaName="phonecall" />
      <RootComponent type="1" schemaName="pricelevel" />
      <RootComponent type="1" schemaName="processsession" />
      <RootComponent type="1" schemaName="product" />
      <RootComponent type="1" schemaName="productpricelevel" />
      <RootComponent type="1" schemaName="publisher" />
      <RootComponent type="1" schemaName="queue" />
      <RootComponent type="1" schemaName="queueitem" />
      <RootComponent type="1" schemaName="quote" />
      <RootComponent type="1" schemaName="quoteclose" />
      <RootComponent type="1" schemaName="quotedetail" />
      <RootComponent type="1" schemaName="recurringappointmentmaster" />
      <RootComponent type="1" schemaName="report" />
      <RootComponent type="1" schemaName="reportcategory" />
      <RootComponent type="1" schemaName="resource" />
      <RootComponent type="1" schemaName="resourcegroup" />
      <RootComponent type="1" schemaName="resourcegroupexpansion" />
      <RootComponent type="1" schemaName="role" />
      <RootComponent type="1" schemaName="rollupfield" />
      <RootComponent type="1" schemaName="salesliterature" />
      <RootComponent type="1" schemaName="salesorder" />
      <RootComponent type="1" schemaName="salesorderdetail" />
      <RootComponent type="1" schemaName="savedquery" />
      <RootComponent type="1" schemaName="savedqueryvisualization" />
      <RootComponent type="1" schemaName="service" />
      <RootComponent type="1" schemaName="serviceappointment" />
      <RootComponent type="1" schemaName="sharepointdocumentlocation" />
      <RootComponent type="1" schemaName="sharepointsite" />
      <RootComponent type="1" schemaName="site" />
      <RootComponent type="1" schemaName="solution" />
      <RootComponent type="1" schemaName="stimulus_activitycode" />
      <RootComponent type="1" schemaName="stimulus_cfdaprogram" />
      <RootComponent type="1" schemaName="stimulus_federalagency" />
      <RootComponent type="1" schemaName="subject" />
      <RootComponent type="1" schemaName="systemuser" />
      <RootComponent type="1" schemaName="task" />
      <RootComponent type="1" schemaName="team" />
      <RootComponent type="1" schemaName="template" />
      <RootComponent type="1" schemaName="territory" />
      <RootComponent type="1" schemaName="transactioncurrency" />
      <RootComponent type="1" schemaName="uom" />
      <RootComponent type="1" schemaName="uomschedule" />
      <RootComponent type="1" schemaName="userquery" />
      <RootComponent type="1" schemaName="userqueryvisualization" />
      <RootComponent type="1" schemaName="workflow" />
      <RootComponent type="9" schemaName="gm_grantprogramtype" />
      <RootComponent type="9" schemaName="gm_nonfederalfundingsource" />
      <RootComponent type="9" schemaName="gm_requestapprovalstatus" />
      <RootComponent type="9" schemaName="pc_applicationstatus" />
      <RootComponent type="9" schemaName="pc_environmentalresponse" />
      <RootComponent type="9" schemaName="pc_lineitem" />
      <RootComponent type="9" schemaName="pc_sector" />
      <RootComponent type="13" id="{008a6c98-0b82-497a-9067-b0789e529b14}" />
      <RootComponent type="13" id="{01deee0d-008d-40f8-9d63-1c948b9e3364}" />
      <RootComponent type="13" id="{057b1f73-06c0-4801-a87a-4073d21502e9}" />
      <RootComponent type="13" id="{08b74d63-44df-4e48-9dcf-686f7c017e6a}" />
      <RootComponent type="13" id="{0c05a4a0-129e-4956-95db-70859d8cae1e}" />
      <RootComponent type="13" id="{111de884-8406-4306-b1ed-a6aa983ce60b}" />
      <RootComponent type="13" id="{118d0670-c89b-477e-b870-4bf73906801a}" />
      <RootComponent type="13" id="{168e143e-3de9-11df-875a-f4ce462d9b5d}" />
      <RootComponent type="13" id="{168e1447-3de9-11df-875a-f4ce462d9b5d}" />
      <RootComponent type="13" id="{17cf0770-3c53-11df-8e7b-8000600fe800}" />
      <RootComponent type="13" id="{17cf0773-3c53-11df-8e7b-8000600fe800}" />
      <RootComponent type="13" id="{2476126e-2702-414d-bb41-441e2de128bc}" />
      <RootComponent type="13" id="{261c6e52-5d07-4e9c-8b08-59efc1ab0da5}" />
      <RootComponent type="13" id="{28e52031-7354-11df-a688-f4ce462d9b5d}" />
      <RootComponent type="13" id="{39285938-20f2-45f5-9197-7d2d1cc8bc0e}" />
      <RootComponent type="13" id="{496fcd98-4140-41d0-9d34-05172956e730}" />
      <RootComponent type="13" id="{4a715477-77b1-4417-bd56-4c5c69414f59}" />
      <RootComponent type="13" id="{6c7a47b7-ec23-4f18-93e1-0c31d4797e3d}" />
      <RootComponent type="13" id="{86201634-e01e-40db-985c-60d9bc07a1e4}" />
      <RootComponent type="13" id="{a65a629c-476e-11df-82c0-8000600fe800}" />
      <RootComponent type="13" id="{b053fc67-6668-4b6c-91da-8bcb11bae043}" />
      <RootComponent type="13" id="{b95f4150-064a-4abf-a418-9258faefde92}" />
      <RootComponent type="13" id="{be2c0ba2-ee01-40d9-9725-9fff491f0cce}" />
      <RootComponent type="13" id="{c5e80593-49c1-11df-8935-f4ce462d9b5d}" />
      <RootComponent type="13" id="{cde148d5-c962-4f16-93bb-e99e5a5814d1}" />
      <RootComponent type="13" id="{d09eab33-4f8a-4d65-8dd5-a3ccdd63df7e}" />
      <RootComponent type="13" id="{d7574e6f-69d2-11df-a50e-f4ce462d9b5d}" />
      <RootComponent type="13" id="{d7574e82-69d2-11df-a50e-f4ce462d9b5d}" />
      <RootComponent type="13" id="{e2548abc-1b4a-11df-988f-00155da18b00}" />
      <RootComponent type="13" id="{ff0bbc8c-f0ea-41ef-bbfc-b3ea6dc64189}" />
      <RootComponent type="20" id="{18a0c924-a424-e311-8a66-00155d01c250}" />
      <RootComponent type="20" id="{3ab91a4e-6e21-e311-8a66-00155d01c250}" />
      <RootComponent type="20" parentId="{09a25608-d28b-4d47-b57c-79271fe6a525}" />
      <RootComponent type="20" parentId="{119f245c-3cc8-4b62-b31c-d1a046ced15d}" />
      <RootComponent type="20" parentId="{1808b939-dd07-4ca7-aa99-ddd2734378f1}" />
      <RootComponent type="20" parentId="{29123793-6ae5-4955-9f1a-f10ceb9705f1}" />
      <RootComponent type="20" id="{6cb1a343-a224-e311-8a66-00155d01c250}" />
      <RootComponent type="20" id="{f7591554-1c25-e311-8a66-00155d01c250}" />
      <RootComponent type="20" parentId="{6caba073-59a8-4d6b-8e7b-4ccb50c5166b}" />
      <RootComponent type="20" parentId="{85937b6b-91a1-46ed-9778-929fc9f61812}" />
      <RootComponent type="20" parentId="{a4be89ff-7c35-4d69-9900-999c3f603e6f}" />
      <RootComponent type="20" parentId="{c0ed2f4f-6f92-4691-92ba-78f2931e8fba}" />
      <RootComponent type="20" id="{acb78d3c-2025-e311-8a66-00155d01c250}" />
      <RootComponent type="20" parentId="{d892cc0b-28c7-4e88-bd92-72f2c366baed}" />
      <RootComponent type="20" parentId="{d9d602db-2761-4170-877f-983494567c08}" />
      <RootComponent type="20" parentId="{dcd60b89-421c-44ae-bff0-dd6323df885c}" />
      <RootComponent type="20" parentId="{debec338-bca7-4882-ae04-84e6ddda2984}" />
      <RootComponent type="20" parentId="{ecfd0b44-5720-45e3-ae68-417ddb0fb654}" />
      <RootComponent type="29" id="{0069aca6-af92-4a86-ada6-300d1f75724b}" />
      <RootComponent type="29" id="{04382b25-2721-4f43-96eb-6274a8dbc4c8}" />
      <RootComponent type="29" id="{0450e9f6-30cf-406b-9434-0d4864e4c8f7}" />
      <RootComponent type="29" id="{08cb0b7e-4c5b-4410-af51-18e2521be455}" />
      <RootComponent type="29" id="{0cfd0185-abf5-49ee-baef-67e62395ce9a}" />
      <RootComponent type="29" id="{14a10f4b-7078-4ccb-ac15-bb5d597c866d}" />
      <RootComponent type="29" id="{157d2253-912a-4be1-bc15-f187a9376f78}" />
      <RootComponent type="29" id="{19798e0b-086f-43b7-8372-cc78d42b07e7}" />
      <RootComponent type="29" id="{1a546a0d-8675-4295-abf1-e34b3a0761c4}" />
      <RootComponent type="29" id="{1ee73f8a-fc1d-4725-a026-19770d44ee93}" />
      <RootComponent type="29" id="{20a9c933-d80f-4215-9981-04e1df0f071a}" />
      <RootComponent type="29" id="{210f6ddf-2e8b-45c0-be48-5b1ffb198cb3}" />
      <RootComponent type="29" id="{21ede80f-9fb6-4327-bee5-d3dc961f9f12}" />
      <RootComponent type="29" id="{288c5737-0562-4f37-8730-f5d57fd59492}" />
      <RootComponent type="29" id="{2d0a4a04-819a-4e1f-ba7b-fc11cf00a75d}" />
      <RootComponent type="29" id="{2dc9194c-5722-4ceb-a600-b6b2258891f7}" />
      <RootComponent type="29" id="{300d997e-7885-4ae1-91e9-94a0c09a2a99}" />
      <RootComponent type="29" id="{3059d73a-6046-4629-baff-50bd34e277e3}" />
      <RootComponent type="29" id="{32f3619f-d307-498f-8b8b-639198bb308f}" />
      <RootComponent type="29" id="{33078afd-0eda-411f-8a73-7031d5ac4787}" />
      <RootComponent type="29" id="{342ceb4f-4ad6-4e35-9f32-c9bc9f1950db}" />
      <RootComponent type="29" id="{3a9ac77c-364f-450c-9c61-cfbfb4d37031}" />
      <RootComponent type="29" id="{3b68e80e-332c-4237-ab7f-a85197b445d3}" />
      <RootComponent type="29" id="{3ce2d12b-bcb8-4790-a4ec-753aec2391af}" />
      <RootComponent type="29" id="{3d726951-e85a-4be9-8d4f-ebee5a133db9}" />
      <RootComponent type="29" id="{417322fa-374a-4842-915c-926d99296782}" />
      <RootComponent type="29" id="{449cf45b-2f66-44e2-944a-d25c8cdd41f0}" />
      <RootComponent type="29" id="{48807f45-84b9-4a36-84cc-a06807d67889}" />
      <RootComponent type="29" id="{4a8839f6-86fc-46fa-b2ff-3c76f54ef25d}" />
      <RootComponent type="29" id="{4d4c0df1-d987-4681-a7bc-09517a09c179}" />
      <RootComponent type="29" id="{4e93025c-1173-4b13-b5c2-8a6ccbcc3c99}" />
      <RootComponent type="29" id="{5171de5c-c649-4bac-ac4b-a46fec027ab2}" />
      <RootComponent type="29" id="{54941af7-b4be-43be-9e55-431ffc27a29c}" />
      <RootComponent type="29" id="{55df6866-53a5-4fd8-ad8f-2e2a03ab337a}" />
      <RootComponent type="29" id="{56813a4b-96b7-4a45-9efd-380fc7d6df9e}" />
      <RootComponent type="29" id="{5c253488-107d-4d31-a33d-a00272e8cbd3}" />
      <RootComponent type="29" id="{5e5fd24d-e395-49bf-b4c9-57aba0233a63}" />
      <RootComponent type="29" id="{5e960545-d23c-4ca6-9c4f-06b64ea97e03}" />
      <RootComponent type="29" id="{619a4365-4085-4520-b9ec-f78f46050637}" />
      <RootComponent type="29" id="{640b7773-2d7e-457e-8ee9-648a02e6efd1}" />
      <RootComponent type="29" id="{677aaf40-4e1f-4a83-a816-0110e9173e29}" />
      <RootComponent type="29" id="{69467906-6325-4407-a600-e4becc251759}" />
      <RootComponent type="29" id="{6bb15ec0-4fdd-43c1-81bc-dc926088f1f3}" />
      <RootComponent type="29" id="{6c1d1c25-8d43-40e6-9e36-419ba45969b3}" />
      <RootComponent type="29" id="{6cd286f6-a272-405c-b5a4-49f17e3c9eff}" />
      <RootComponent type="29" id="{715c5dd1-5388-4889-9da5-b8b103d44e95}" />
      <RootComponent type="29" id="{7bcee5f1-c783-4f83-8be6-fcbf1070889e}" />
      <RootComponent type="29" id="{7cefb572-0747-47d7-ba6c-06d6a045da44}" />
      <RootComponent type="29" id="{7d13d0c9-0ac9-423a-874f-296ddca5c8c5}" />
      <RootComponent type="29" id="{81e14775-4de1-45ce-817c-238298fe23b9}" />
      <RootComponent type="29" id="{8295d730-e4c4-4b6e-bbd2-454e72934fef}" />
      <RootComponent type="29" id="{82b305b7-0091-4180-8cb6-f84913d3bd77}" />
      <RootComponent type="29" id="{83d12743-1a01-4f64-8913-aeed5f417a99}" />
      <RootComponent type="29" id="{88200961-34fa-4079-a181-0c5924e93250}" />
      <RootComponent type="29" id="{8bb65ff9-bbdf-4b42-8644-f3e854be42e1}" />
      <RootComponent type="29" id="{8ef93c5d-f4a9-4c29-bb18-7199ac79ad5a}" />
      <RootComponent type="29" id="{90610809-9454-4d4d-94dd-0d3a1d830e00}" />
      <RootComponent type="29" id="{958fffe5-9154-4fc0-9581-f81024979d78}" />
      <RootComponent type="29" id="{9b311e38-9691-4896-9b9e-c9f7d1cf09be}" />
      <RootComponent type="29" id="{9dedfc33-cc9e-4a51-8bbb-4867fdc09a2e}" />
      <RootComponent type="29" id="{9f7681a0-3722-40de-9c9d-c7322b0f4571}" />
      <RootComponent type="29" id="{9f9e7d3d-4711-42e1-98a6-bc5fd927b2b8}" />
      <RootComponent type="29" id="{a1cdb2be-cc6a-490c-9739-9e35181b005f}" />
      <RootComponent type="29" id="{a56e814f-c98c-4f93-aa30-a132328dc8f6}" />
      <RootComponent type="29" id="{af09cef5-3a64-422f-a647-324e678df552}" />
      <RootComponent type="29" id="{b319dc64-8c3c-49f0-9c17-65f47e452193}" />
      <RootComponent type="29" id="{b744bdac-a124-4823-b9e4-09c5f377a8bf}" />
      <RootComponent type="29" id="{b873d3bf-3c2e-4bf7-b005-41f00a6c0e43}" />
      <RootComponent type="29" id="{b88a8fbb-9ae4-4b72-a2dd-2750a09d8397}" />
      <RootComponent type="29" id="{bb1689b6-87c9-48af-af59-c8143aa6659e}" />
      <RootComponent type="29" id="{c07b6e67-48cb-4903-93e4-fbddabe305c6}" />
      <RootComponent type="29" id="{c0838bce-d360-48e1-bcc6-2e7a01b5a547}" />
      <RootComponent type="29" id="{c5978914-2777-4c7d-911c-ad00f88575b3}" />
      <RootComponent type="29" id="{c76b3797-6e8c-4b44-82ab-e02baeb3983c}" />
      <RootComponent type="29" id="{c95059db-8c25-4d79-ac4c-582b9402aaf8}" />
      <RootComponent type="29" id="{ccc7f0c9-c076-4808-bea1-9f2380bd46b3}" />
      <RootComponent type="29" id="{cd65caee-d9dd-4767-bdd8-0ab24404b0a3}" />
      <RootComponent type="29" id="{d2ed5a98-9282-4c8b-9fbe-cf6b6386aa1c}" />
      <RootComponent type="29" id="{d40740cf-48b9-468e-999d-8289d7bff9a9}" />
      <RootComponent type="29" id="{d7619370-0e09-48b9-b934-e6a0f5191441}" />
      <RootComponent type="29" id="{d8662723-4be2-40ac-b6b1-3c0619a16087}" />
      <RootComponent type="29" id="{d9ff1590-37c1-41ed-85aa-d8e508364fb3}" />
      <RootComponent type="29" id="{da97b83f-358f-431a-8991-8469939a79eb}" />
      <RootComponent type="29" id="{dcb963c9-4a96-4c84-b2bb-b03d368b4b70}" />
      <RootComponent type="29" id="{e42e5e4a-6a59-485c-a63f-fa9c8c3eb0c7}" />
      <RootComponent type="29" id="{e855a00c-5298-40ed-b429-907de901383b}" />
      <RootComponent type="29" id="{eb2ca881-bf1c-4fbb-b142-1e9f1dfbd29c}" />
      <RootComponent type="29" id="{ebac6aae-dc64-428e-a1ac-2fba78736d83}" />
      <RootComponent type="29" id="{ec5b3093-4b3d-4d14-9b2d-2749f074017e}" />
      <RootComponent type="29" id="{ed4a5250-ae54-4380-aa0c-ac76de2e45b1}" />
      <RootComponent type="29" id="{f0fc0ea6-854c-42f7-8acc-90b465e224e8}" />
      <RootComponent type="29" id="{f2dba966-4f98-4785-a3f1-03d1106d641d}" />
      <RootComponent type="29" id="{f53466bb-f8ee-4cf8-a61a-ac9a4e584d0b}" />
      <RootComponent type="29" id="{f8b4bdcc-4aae-4d47-a22c-9f9fc6cc02eb}" />
      <RootComponent type="29" id="{fbcd2b64-761d-488a-bab2-7a712723eae5}" />
      <RootComponent type="31" id="{27288315-8331-e511-9e61-005056990032}" />
      <RootComponent type="31" id="{35d5b11a-72ee-de11-af61-00155d0e030b}" />
      <RootComponent type="31" id="{1da91d25-72ee-de11-af61-00155d0e030b}" />
      <RootComponent type="31" id="{be1a9400-72ee-de11-af61-00155d0e030b}" />
      <RootComponent type="31" id="{8f6c9a49-a025-e511-be43-00155d01c250}" />
      <RootComponent type="31" id="{16e1f428-a025-e511-be43-00155d01c250}" />
      <RootComponent type="31" id="{410f60fc-2f82-e411-aa6b-005056990032}" />
      <RootComponent type="31" id="{6d873672-9e25-e511-be43-00155d01c250}" />
      <RootComponent type="31" id="{acafc4ff-9f25-e511-be43-00155d01c250}" />
      <RootComponent type="31" id="{b2791c49-cd24-e511-be43-00155d01c250}" />
      <RootComponent type="31" id="{13195a57-cd24-e511-be43-00155d01c250}" />
      <RootComponent type="31" id="{f7b8c73f-9f25-e511-be43-00155d01c250}" />
      <RootComponent type="31" id="{ebba1a1b-a025-e511-be43-00155d01c250}" />
      <RootComponent type="31" id="{0e997e39-cd24-e511-be43-00155d01c250}" />
      <RootComponent type="31" id="{f4cd7ffb-2c64-e311-9cac-005056990032}" schemaName="1033{07638c70-c3b7-48ad-93fb-ca5a3f95c86a}" />
      <RootComponent type="31" id="{dbcd7ffb-2c64-e311-9cac-005056990032}" schemaName="1033{10e77c6d-6030-499c-8b73-644537b51148}" />
      <RootComponent type="31" id="{d767840e-2d64-e311-9cac-005056990032}" schemaName="1033{17a857e5-06d6-4143-b158-154fddcf444c}" />
      <RootComponent type="31" id="{99ddd2ee-2c64-e311-9cac-005056990032}" schemaName="1033{1b308213-d735-45ff-a7d1-7a7394a3b1b3}" />
      <RootComponent type="31" id="{aeddd2ee-2c64-e311-9cac-005056990032}" schemaName="1033{1e77a455-466d-4fe2-8af6-43af81ac4204}" />
      <RootComponent type="31" id="{a4fe01f5-2c64-e311-9cac-005056990032}" schemaName="1033{22c50c30-5d66-4c19-8e72-48bfb251615f}" />
      <RootComponent type="31" id="{f9cd7ffb-2c64-e311-9cac-005056990032}" schemaName="1033{3e617317-9146-4df9-b6de-eef2d15b4a27}" />
      <RootComponent type="31" id="{b867840e-2d64-e311-9cac-005056990032}" schemaName="1033{41d7b317-10b5-4dd2-96f6-0a5f115ad99d}" />
      <RootComponent type="31" id="{a8ddd2ee-2c64-e311-9cac-005056990032}" schemaName="1033{4ef7a45f-8d76-470e-8ada-ffcd94e007fa}" />
      <RootComponent type="31" id="{b6fe01f5-2c64-e311-9cac-005056990032}" schemaName="1033{590777cf-1b38-413c-a604-787c97f47a70}" />
      <RootComponent type="31" id="{a1ddd2ee-2c64-e311-9cac-005056990032}" schemaName="1033{644e3e18-91f5-4ffb-9cad-91072a8f7fd3}" />
      <RootComponent type="31" id="{90ddd2ee-2c64-e311-9cac-005056990032}" schemaName="1033{65c4bcb6-a9ad-487a-9cf3-86d2f1d67dfa}" />
      <RootComponent type="31" id="{d6908c24-cd24-e511-be43-00155d01c250}" />
      <RootComponent type="31" id="{b5ddd2ee-2c64-e311-9cac-005056990032}" schemaName="1033{89086c35-fe03-4776-ad11-df7d884808e3}" />
      <RootComponent type="31" id="{adc14b73-f156-e311-a759-00155d01c250}" />
      <RootComponent type="31" id="{b8ba7282-ba37-e511-9e61-005056990032}" />
      <RootComponent type="31" id="{2a9fbf20-4351-e311-a759-00155d01c250}" />
      <RootComponent type="31" id="{eccd7ffb-2c64-e311-9cac-005056990032}" schemaName="1033{8d7c1131-1e22-4476-a3c5-0b2a4259580f}" />
      <RootComponent type="31" id="{bd67840e-2d64-e311-9cac-005056990032}" schemaName="1033{bf21a10b-925e-4184-8bb8-21f84b7b2e0a}" />
      <RootComponent type="31" id="{d401c0d1-f256-e311-a759-00155d01c250}" />
      <RootComponent type="31" id="{ca67840e-2d64-e311-9cac-005056990032}" schemaName="1033{e4717dd2-501b-4f78-8a64-35e20603e252}" />
      <RootComponent type="31" id="{25129d0c-4351-e311-a759-00155d01c250}" />
      <RootComponent type="31" id="{ab339404-ef56-e311-a759-00155d01c250}" />
      <RootComponent type="31" id="{e0cd7ffb-2c64-e311-9cac-005056990032}" schemaName="1033{d4c186a5-4d81-4daa-80b0-7ddaf37978c2}" />
      <RootComponent type="31" id="{840de650-ae7c-e311-a759-00155d01c250}" />
      <RootComponent type="31" id="{27f8ca43-ae7c-e311-a759-00155d01c250}" />
      <RootComponent type="31" id="{7e1279ed-33ae-e311-a759-00155d01c250}" />
      <RootComponent type="31" id="{f3023bea-4251-e311-a759-00155d01c250}" />
      <RootComponent type="31" id="{6a9d776b-fdb5-e311-a759-00155d01c250}" />
      <RootComponent type="31" id="{c76ecc3b-447a-e311-a759-00155d01c250}" />
      <RootComponent type="31" id="{328911d9-f256-e311-a759-00155d01c250}" />
      <RootComponent type="31" id="{d129eff5-4251-e311-a759-00155d01c250}" />
      <RootComponent type="31" id="{83df0304-4351-e311-a759-00155d01c250}" />
      <RootComponent type="31" id="{db96f16c-437a-e311-a759-00155d01c250}" />
      <RootComponent type="31" id="{8d087c85-437a-e311-a759-00155d01c250}" />
      <RootComponent type="31" id="{e7cd7ffb-2c64-e311-9cac-005056990032}" schemaName="1033{68137d38-e758-463b-9678-40ca8bb76f03}" />
      <RootComponent type="31" id="{59838a3a-cc24-e511-be43-00155d01c250}" />
      <RootComponent type="31" id="{1eac6d02-2d64-e311-9cac-005056990032}" schemaName="1033{66fe7585-64a1-48ed-a083-79e891b5befb}" />
      <RootComponent type="31" id="{3dac6d02-2d64-e311-9cac-005056990032}" schemaName="1033{729a56ff-a52e-4242-8d56-646db3f06f44}" />
      <RootComponent type="31" id="{57938208-2d64-e311-9cac-005056990032}" schemaName="1033{73353739-3d5c-40cc-8627-a3d62c9585df}" />
      <RootComponent type="31" id="{d6cd7ffb-2c64-e311-9cac-005056990032}" schemaName="1033{867cb6a7-7d9b-4c02-a616-5d3f639d9e69}" />
      <RootComponent type="31" id="{69938208-2d64-e311-9cac-005056990032}" schemaName="1033{8bfc1bec-965d-43a1-a3e5-661a75dc9f37}" />
      <RootComponent type="31" id="{2fac6d02-2d64-e311-9cac-005056990032}" schemaName="1033{91664380-00f2-4b39-b4e9-bb7d288f9e40}" />
      <RootComponent type="31" id="{ac67840e-2d64-e311-9cac-005056990032}" schemaName="1033{99cab338-685f-4db2-b13d-d4fa1d3b777b}" />
      <RootComponent type="31" id="{d267840e-2d64-e311-9cac-005056990032}" schemaName="1033{b1b04331-28e0-42e9-89f0-ab8d9e1e86d5}" />
      <RootComponent type="31" id="{c567840e-2d64-e311-9cac-005056990032}" schemaName="1033{b239f607-0268-4224-af64-a7b2e5535de6}" />
      <RootComponent type="31" id="{b067840e-2d64-e311-9cac-005056990032}" schemaName="1033{bcdfec49-1c96-498c-83df-3431c292f198}" />
      <RootComponent type="31" id="{42ac6d02-2d64-e311-9cac-005056990032}" schemaName="1033{c7a84803-3527-4536-b807-383783e41c35}" />
      <RootComponent type="31" id="{29ac6d02-2d64-e311-9cac-005056990032}" schemaName="1033{cafa2956-a75f-430f-a653-c51449ae1daa}" />
      <RootComponent type="31" id="{34ac6d02-2d64-e311-9cac-005056990032}" schemaName="1033{ce3d7280-6d0c-4efa-ae77-bc881fc9c214}" />
      <RootComponent type="31" id="{5c938208-2d64-e311-9cac-005056990032}" schemaName="1033{d99eb20a-739d-4c19-bc88-08d8ff3a59ba}" />
      <RootComponent type="31" id="{62938208-2d64-e311-9cac-005056990032}" schemaName="1033{eb641068-6ed3-47e8-80b3-e7311cc3f6e5}" />
      <RootComponent type="31" id="{acfe01f5-2c64-e311-9cac-005056990032}" schemaName="1033{edddfa8c-98c2-4fc1-b9fc-18de4fb2fdfc}" />
      <RootComponent type="31" id="{b1fe01f5-2c64-e311-9cac-005056990032}" schemaName="1033{f210bfbb-5c73-4104-ac45-ff16e1996660}" />
      <RootComponent type="31" id="{88ddd2ee-2c64-e311-9cac-005056990032}" schemaName="1033{a643c586-3381-4684-9eb8-3f52d888d5f5}" />
      <RootComponent type="31" id="{219dec34-b656-e311-a759-00155d01c250}" />
      <RootComponent type="31" id="{5384419c-5051-e311-a759-00155d01c250}" />
      <RootComponent type="31" id="{4d479716-1bfa-de11-a263-00155d0e030b}" />
      <RootComponent type="31" id="{2335793b-88f9-de11-a263-00155d0e030b}" />
      <RootComponent type="31" id="{5a623f72-9afc-e311-949f-00155d01c250}" />
      <RootComponent type="31" id="{5ba7f430-5051-e311-a759-00155d01c250}" />
      <RootComponent type="31" id="{63e46ef4-71ee-de11-af61-00155d0e030b}" />
      <RootComponent type="31" id="{8a136508-cd24-e511-be43-00155d01c250}" />
      <RootComponent type="31" id="{95e0fc8c-5051-e311-a759-00155d01c250}" />
      <RootComponent type="31" id="{b9a88ae5-17fa-de11-a263-00155d0e030b}" />
      <RootComponent type="31" id="{cb9cfe0e-c8c4-df11-a1b1-00155d0e030b}" />
      <RootComponent type="31" id="{d579a62b-88f9-de11-a263-00155d0e030b}" />
      <RootComponent type="31" id="{6bddd2ee-2c64-e311-9cac-005056990032}" schemaName="1033{06d93c6b-5704-4eef-b363-4a14eaceaefc}" />
      <RootComponent type="31" id="{f4db9a47-5051-e311-a759-00155d01c250}" />
      <RootComponent type="31" id="{e633474f-1905-df11-945a-00155d0e030b}" />
      <RootComponent type="31" id="{83ddd2ee-2c64-e311-9cac-005056990032}" schemaName="1033{0b07845a-7ee5-43f8-8a00-64ecc7ce0f3d}" />
      <RootComponent type="31" id="{e90804ab-5fa0-e211-9016-00155d08fa0e}" />
      <RootComponent type="31" id="{bf356e4a-88f9-de11-a263-00155d0e030b}" />
      <RootComponent type="31" id="{eadfb81a-5151-e311-a759-00155d01c250}" />
      <RootComponent type="31" id="{e7811b67-30fa-de11-a263-00155d0e030b}" />
      <RootComponent type="31" id="{f3068571-30fa-de11-a263-00155d0e030b}" />
      <RootComponent type="31" id="{7bddd2ee-2c64-e311-9cac-005056990032}" schemaName="1033{13531344-8495-460b-b497-9f8f71765b87}" />
      <RootComponent type="31" id="{cd362327-5151-e311-a759-00155d01c250}" />
      <RootComponent type="31" id="{46bf81e6-2c64-e311-9cac-005056990032}" schemaName="1033{1ae24c1b-4fb3-438a-9baa-d99fc432443d}" />
      <RootComponent type="31" id="{4fbf81e6-2c64-e311-9cac-005056990032}" schemaName="1033{343de504-cc55-4fab-82c1-20d28095e71a}" />
      <RootComponent type="31" id="{f164e77b-30fa-de11-a263-00155d0e030b}" />
      <RootComponent type="31" id="{74ddd2ee-2c64-e311-9cac-005056990032}" schemaName="1033{5576b65a-7635-46fd-8dd1-e56033144ad7}" />
      <RootComponent type="31" id="{21bf81e6-2c64-e311-9cac-005056990032}" schemaName="1033{6af14bc7-4bfd-4a79-ba62-61b8cba969cb}" />
      <RootComponent type="31" id="{2cbf81e6-2c64-e311-9cac-005056990032}" schemaName="1033{a788a3de-f207-4573-a983-7af0867a7857}" />
      <RootComponent type="31" id="{40bf81e6-2c64-e311-9cac-005056990032}" schemaName="1033{afa031a7-fcc2-41c0-8493-2012de4d960a}" />
      <RootComponent type="31" id="{18bf81e6-2c64-e311-9cac-005056990032}" schemaName="1033{20f6c55d-9a51-45b4-b17a-33a98cff0be0}" />
      <RootComponent type="31" id="{24ac6d02-2d64-e311-9cac-005056990032}" schemaName="1033{4d02b9a5-7976-4f0a-817b-654471ab203f}" />
      <RootComponent type="31" id="{febe81e6-2c64-e311-9cac-005056990032}" schemaName="1033{55f0fcc2-fc17-48a0-ad7f-5bfaa205f87f}" />
      <RootComponent type="31" id="{1d8d4470-b1fb-de11-a263-00155d0e030b}" />
      <RootComponent type="31" id="{cc9d52e0-2c64-e311-9cac-005056990032}" schemaName="1033{8b5e4c49-1c85-4655-9247-190499685567}" />
      <RootComponent type="31" id="{df67840e-2d64-e311-9cac-005056990032}" schemaName="1033{9ec7650c-5870-4bdc-abc4-511c465110d5}" />
      <RootComponent type="31" id="{07bf81e6-2c64-e311-9cac-005056990032}" schemaName="1033{cef7088f-52c2-4cdc-a6d6-3682b2fbb9c7}" />
      <RootComponent type="31" id="{c49d52e0-2c64-e311-9cac-005056990032}" schemaName="1033{d0f7d1ab-9797-4cb4-9f90-9a68491a8ee1}" />
      <RootComponent type="31" id="{10bf81e6-2c64-e311-9cac-005056990032}" schemaName="1033{df26a256-a920-4d9d-b037-ed04bce73419}" />
      <RootComponent type="31" id="{37bf81e6-2c64-e311-9cac-005056990032}" schemaName="1033{f4dae66d-f3a3-4075-b3cc-c0116f2525c3}" />
      <RootComponent type="36" id="{07b94c1d-c85f-492f-b120-f0a743c540e6}" />
      <RootComponent type="36" id="{07ffe941-8458-4a7a-8493-2863fa7f8cc1}" />
      <RootComponent type="36" id="{25249025-91fa-43c1-8c38-1f6bc14221c3}" />
      <RootComponent type="36" id="{274f51ce-304e-4f1d-a959-ce3b8a39f7dc}" />
      <RootComponent type="36" id="{2bd64aee-7969-e611-9e64-005056990032}" />
      <RootComponent type="36" id="{2ca2b0b7-29bc-40a1-b2a5-5ab1fe7543e5}" />
      <RootComponent type="36" id="{5351049b-c2a4-4335-8789-e4fa8b8b319e}" />
      <RootComponent type="36" id="{542ec47c-5d19-e311-8a66-00155d01c250}" />
      <RootComponent type="36" id="{64bf9057-7f57-e311-a759-00155d01c250}" />
      <RootComponent type="36" id="{7816b01c-efa8-4396-8ba5-0b6b72da5c08}" />
      <RootComponent type="36" id="{7cdc528e-9c3e-4170-b04f-97a30fb736c9}" />
      <RootComponent type="36" id="{85850450-865b-4465-8e86-66ac848df3b9}" />
      <RootComponent type="36" id="{9245e3ee-f7c8-4f8e-8a49-e1de50cb1203}" />
      <RootComponent type="36" id="{9a3aa696-2a23-4460-a87c-10ae475e3231}" />
      <RootComponent type="36" id="{9bdfd720-030e-4bf7-a94f-6183b527f84c}" />
      <RootComponent type="36" id="{9de6f929-bed5-40d4-a0af-d4d48b6cf29c}" />
      <RootComponent type="36" id="{b4bb483d-0612-46de-ab0f-056f7f861972}" />
      <RootComponent type="36" id="{b5e9616e-f6df-4e9e-8b79-388085602e4a}" />
      <RootComponent type="36" id="{b6c38bb9-2423-471d-8b38-e3b99ed80e7a}" />
      <RootComponent type="36" id="{ba699c93-6b75-4318-b129-59e2fe4cf0ca}" />
      <RootComponent type="36" id="{ca6cb044-60e7-4f73-a957-9ccb4ec2e2fc}" />
      <RootComponent type="36" id="{d0b742b5-e945-4073-981c-11c0beb4e2b1}" />
      <RootComponent type="36" id="{df7251b7-038b-41fc-9b0a-bb9f79011712}" />
      <RootComponent type="36" id="{f62f950a-19ef-4e5d-9ad7-7abb9a75ed3e}" />
      <RootComponent type="36" id="{f9a2e605-858b-4225-a1a3-bab79a953cb0}" />
      <RootComponent type="36" id="{fe0c0f2b-03fd-4c5b-94ca-158c49e0c656}" />
      <RootComponent type="37" id="{77ecdfda-3e70-429d-b174-1352b981c5f2}" />
      <RootComponent type="38" id="{49331898-0752-4670-ba0a-3ce95c6c88cd}" />
      <RootComponent type="38" id="{51a42583-f90f-416a-8abc-a10ac83fa6fa}" />
      <RootComponent type="38" id="{8d8e6b7f-1924-45e0-8120-bad79c95df5f}" />
      <RootComponent type="38" id="{c3f93721-91b6-475a-acd0-0a68aa1cb842}" />
      <RootComponent type="39" id="{1133f868-d749-dc11-a46c-0019b9204ed3}" />
      <RootComponent type="39" id="{134212ac-d749-dc11-a46c-0019b9204ed3}" />
      <RootComponent type="39" id="{3165677a-d749-dc11-a46c-0019b9204ed3}" />
      <RootComponent type="39" id="{4bcf8211-d849-dc11-a46c-0019b9204ed3}" />
      <RootComponent type="39" id="{53c8b6b4-d749-dc11-a46c-0019b9204ed3}" />
      <RootComponent type="39" id="{93a7382c-d849-dc11-a46c-0019b9204ed3}" />
      <RootComponent type="39" id="{955882bc-d749-dc11-a46c-0019b9204ed3}" />
      <RootComponent type="39" id="{a1d1fb17-d849-dc11-a46c-0019b9204ed3}" />
      <RootComponent type="39" id="{c3b1f8cd-d749-dc11-a46c-0019b9204ed3}" />
      <RootComponent type="39" id="{d349fe11-d749-dc11-a46c-0019b9204ed3}" />
      <RootComponent type="50" schemaName=":RibbonDiffXml" />
      <RootComponent type="50" schemaName=":RibbonDiffXml" />
      <RootComponent type="60" id="{25b754f5-7563-df11-ae90-00155d2e3002}" />
      <RootComponent type="60" id="{2e3d0841-fa6d-df11-986c-00155d2e3002}" />
      <RootComponent type="60" id="{45f88f83-0e67-443b-bd05-81d49719f6b1}" />
      <RootComponent type="60" id="{4e76815a-1f63-df11-ae90-00155d2e3002}" />
      <RootComponent type="60" id="{6e00802f-8c73-df11-986c-00155d2e3002}" />
      <RootComponent type="60" id="{7c7ee529-e31e-e311-8a66-00155d01c250}" />
      <RootComponent type="60" id="{9de6d9a5-7863-df11-ae90-00155d2e3002}" />
      <RootComponent type="60" id="{ee50a18b-3f88-df11-8d93-00155db1891a}" />
      <RootComponent type="60" id="{f7d789df-8f00-e011-aee5-00155d015917}" />
      <RootComponent type="61" schemaName="gm_budgetActivityLoader" />
      <RootComponent type="61" schemaName="gm_ContractAmendmentLibrary" />
      <RootComponent type="61" schemaName="gm_Date" />
      <RootComponent type="61" schemaName="gm_forecastedCashNeed" />
      <RootComponent type="61" schemaName="gm_FundingRequestDetailLibrary" />
      <RootComponent type="61" schemaName="gm_fundingRequestLibrary" />
      <RootComponent type="61" schemaName="gm_gm2013Common" />
      <RootComponent type="61" schemaName="gm_gm_RevReviewFilterCriteria.xml" />
      <RootComponent type="61" schemaName="gm_jquery1.8.3.min" />
      <RootComponent type="61" schemaName="gm_JSON2" />
      <RootComponent type="61" schemaName="gm_performanceReportLibrary" />
      <RootComponent type="61" schemaName="gm_Wand" />
      <RootComponent type="61" schemaName="gm_XrmServiceToolkit" />
      <RootComponent type="61" schemaName="gm_XrmServiceToolkit_min" />
      <RootComponent type="61" schemaName="Icon_New_award_Large" />
      <RootComponent type="61" schemaName="Icon_New_award_Medium" />
      <RootComponent type="61" schemaName="Icon_New_award_Small" />
      <RootComponent type="61" schemaName="Icon_New_budgetactivity_Large" />
      <RootComponent type="61" schemaName="Icon_New_budgetactivity_Medium" />
      <RootComponent type="61" schemaName="Icon_New_budgetactivity_Small" />
      <RootComponent type="61" schemaName="Icon_New_budgettransfer_Large" />
      <RootComponent type="61" schemaName="Icon_New_budgettransfer_Medium" />
      <RootComponent type="61" schemaName="Icon_New_budgettransfer_Small" />
      <RootComponent type="61" schemaName="Icon_New_carryoverfund_Large" />
      <RootComponent type="61" schemaName="Icon_New_carryoverfund_Medium" />
      <RootComponent type="61" schemaName="Icon_New_carryoverfund_Small" />
      <RootComponent type="61" schemaName="Icon_New_fmsreconciler_Large" />
      <RootComponent type="61" schemaName="Icon_New_fmsreconciler_Medium" />
      <RootComponent type="61" schemaName="Icon_New_fmsreconciler_Small" />
      <RootComponent type="61" schemaName="Icon_New_fundingsourceaudit_Large" />
      <RootComponent type="61" schemaName="Icon_New_fundingsourceaudit_Medium" />
      <RootComponent type="61" schemaName="Icon_New_fundingsourceaudit_Small" />
      <RootComponent type="61" schemaName="Icon_New_fundingsourcetype_Large" />
      <RootComponent type="61" schemaName="Icon_New_fundingsourcetype_Medium" />
      <RootComponent type="61" schemaName="Icon_New_fundingsourcetype_Small" />
      <RootComponent type="61" schemaName="Icon_New_grantprogram_Large" />
      <RootComponent type="61" schemaName="Icon_New_grantprogram_Medium" />
      <RootComponent type="61" schemaName="Icon_New_grantprogram_Small" />
      <RootComponent type="61" schemaName="Icon_New_granttimecard_Large" />
      <RootComponent type="61" schemaName="Icon_New_granttimecard_Medium" />
      <RootComponent type="61" schemaName="Icon_New_granttimecard_Small" />
      <RootComponent type="61" schemaName="Icon_New_journalentry_Large" />
      <RootComponent type="61" schemaName="Icon_New_journalentry_Medium" />
      <RootComponent type="61" schemaName="Icon_New_journalentry_Small" />
      <RootComponent type="61" schemaName="Icon_New_matchingcontribution_Large" />
      <RootComponent type="61" schemaName="Icon_New_matchingcontribution_Medium" />
      <RootComponent type="61" schemaName="Icon_New_matchingcontribution_Small" />
      <RootComponent type="61" schemaName="Icon_New_paymentadvance_Large" />
      <RootComponent type="61" schemaName="Icon_New_paymentadvance_Medium" />
      <RootComponent type="61" schemaName="Icon_New_paymentadvance_Small" />
      <RootComponent type="61" schemaName="Icon_New_paymentdisbursement_Large" />
      <RootComponent type="61" schemaName="Icon_New_paymentdisbursement_Medium" />
      <RootComponent type="61" schemaName="Icon_New_paymentdisbursement_Small" />
      <RootComponent type="61" schemaName="Icon_New_phase_Large" />
      <RootComponent type="61" schemaName="Icon_New_phase_Medium" />
      <RootComponent type="61" schemaName="Icon_New_phase_Small" />
      <RootComponent type="61" schemaName="Icon_New_programattributetype_Large" />
      <RootComponent type="61" schemaName="Icon_New_programattributetype_Medium" />
      <RootComponent type="61" schemaName="Icon_New_programattributetype_Small" />
      <RootComponent type="61" schemaName="Icon_New_programattribute_Large" />
      <RootComponent type="61" schemaName="Icon_New_programattribute_Medium" />
      <RootComponent type="61" schemaName="Icon_New_programattribute_Small" />
      <RootComponent type="61" schemaName="Icon_New_programfundingsource_Large" />
      <RootComponent type="61" schemaName="Icon_New_programfundingsource_Medium" />
      <RootComponent type="61" schemaName="Icon_New_programfundingsource_Small" />
      <RootComponent type="61" schemaName="Icon_New_programreivewcriteria_Large" />
      <RootComponent type="61" schemaName="Icon_New_programreivewcriteria_Medium" />
      <RootComponent type="61" schemaName="Icon_New_programreivewcriteria_Small" />
      <RootComponent type="61" schemaName="Icon_New_programreportschedule_Large" />
      <RootComponent type="61" schemaName="Icon_New_programreportschedule_Medium" />
      <RootComponent type="61" schemaName="Icon_New_programreportschedule_Small" />
      <RootComponent type="61" schemaName="Icon_New_programskill_Large" />
      <RootComponent type="61" schemaName="Icon_New_programskill_Medium" />
      <RootComponent type="61" schemaName="Icon_New_programskill_Small" />
      <RootComponent type="61" schemaName="Icon_New_projectactivity_Large" />
      <RootComponent type="61" schemaName="Icon_New_projectactivity_Medium" />
      <RootComponent type="61" schemaName="Icon_New_projectactivity_Small" />
      <RootComponent type="61" schemaName="Icon_New_projectaudit_Large" />
      <RootComponent type="61" schemaName="Icon_New_projectaudit_Medium" />
      <RootComponent type="61" schemaName="Icon_New_projectaudit_Small" />
      <RootComponent type="61" schemaName="Icon_New_projectperformancereport_Large" />
      <RootComponent type="61" schemaName="Icon_New_projectperformancereport_Medium" />
      <RootComponent type="61" schemaName="Icon_New_projectperformancereport_Small" />
      <RootComponent type="61" schemaName="Icon_New_projectphase_Large" />
      <RootComponent type="61" schemaName="Icon_New_projectphase_Medium" />
      <RootComponent type="61" schemaName="Icon_New_projectphase_Small" />
      <RootComponent type="61" schemaName="Icon_New_projectproperty_Large" />
      <RootComponent type="61" schemaName="Icon_New_projectproperty_Medium" />
      <RootComponent type="61" schemaName="Icon_New_projectproperty_Small" />
      <RootComponent type="61" schemaName="Icon_New_proposalteammember_Large" />
      <RootComponent type="61" schemaName="Icon_New_proposalteammember_Medium" />
      <RootComponent type="61" schemaName="Icon_New_proposalteammember_Small" />
      <RootComponent type="61" schemaName="Icon_New_proposal_Large" />
      <RootComponent type="61" schemaName="Icon_New_proposal_Medium" />
      <RootComponent type="61" schemaName="Icon_New_proposal_Small" />
      <RootComponent type="61" schemaName="Icon_New_reimbursement_Large" />
      <RootComponent type="61" schemaName="Icon_New_reimbursement_Medium" />
      <RootComponent type="61" schemaName="Icon_New_reimbursement_Small" />
      <RootComponent type="61" schemaName="Icon_New_reviewerskill_Large" />
      <RootComponent type="61" schemaName="Icon_New_reviewerskill_Medium" />
      <RootComponent type="61" schemaName="Icon_New_reviewerskill_Small" />
      <RootComponent type="61" schemaName="Icon_New_reviewer_Large" />
      <RootComponent type="61" schemaName="Icon_New_reviewer_Medium" />
      <RootComponent type="61" schemaName="Icon_New_reviewer_Small" />
      <RootComponent type="61" schemaName="Icon_New_reviewgroupmemberapplication_Large" />
      <RootComponent type="61" schemaName="Icon_New_reviewgroupmemberapplication_Medium" />
      <RootComponent type="61" schemaName="Icon_New_reviewgroupmemberapplication_Small" />
      <RootComponent type="61" schemaName="Icon_New_reviewgroupmember_Large" />
      <RootComponent type="61" schemaName="Icon_New_reviewgroupmember_Medium" />
      <RootComponent type="61" schemaName="Icon_New_reviewgroupmember_Small" />
      <RootComponent type="61" schemaName="Icon_New_reviewgroupwizard_Large" />
      <RootComponent type="61" schemaName="Icon_New_reviewgroupwizard_Medium" />
      <RootComponent type="61" schemaName="Icon_New_reviewgroupwizard_Small" />
      <RootComponent type="61" schemaName="Icon_New_reviewpanel_Large" />
      <RootComponent type="61" schemaName="Icon_New_reviewpanel_Medium" />
      <RootComponent type="61" schemaName="Icon_New_reviewpanel_Small" />
      <RootComponent type="61" schemaName="Icon_New_review_Large" />
      <RootComponent type="61" schemaName="Icon_New_review_Medium" />
      <RootComponent type="61" schemaName="Icon_New_review_Small" />
      <RootComponent type="61" schemaName="Icon_New_scoring_Large" />
      <RootComponent type="61" schemaName="Icon_New_scoring_Medium" />
      <RootComponent type="61" schemaName="Icon_New_scoring_Small" />
      <RootComponent type="61" schemaName="Icon_New_skill_Large" />
      <RootComponent type="61" schemaName="Icon_New_skill_Medium" />
      <RootComponent type="61" schemaName="Icon_New_skill_Small" />
      <RootComponent type="61" schemaName="Icon_New_transactionitem_Large" />
      <RootComponent type="61" schemaName="Icon_New_transactionitem_Medium" />
      <RootComponent type="61" schemaName="Icon_New_transactionitem_Small" />
      <RootComponent type="61" schemaName="Icon_New_transaction_Large" />
      <RootComponent type="61" schemaName="Icon_New_transaction_Medium" />
      <RootComponent type="61" schemaName="Icon_New_transaction_Small" />
      <RootComponent type="61" schemaName="Icon_New_vendorinvoice_Large" />
      <RootComponent type="61" schemaName="Icon_New_vendorinvoice_Medium" />
      <RootComponent type="61" schemaName="Icon_New_vendorinvoice_Small" />
      <RootComponent type="61" schemaName="Icon_New_vendor_Large" />
      <RootComponent type="61" schemaName="Icon_New_vendor_Medium" />
      <RootComponent type="61" schemaName="Icon_New_vendor_Small" />
      <RootComponent type="61" schemaName="Icon_Stimulus_activitycode_Large" />
      <RootComponent type="61" schemaName="Icon_Stimulus_activitycode_Medium" />
      <RootComponent type="61" schemaName="Icon_Stimulus_activitycode_Small" />
      <RootComponent type="61" schemaName="Icon_Stimulus_cfdaprogram_Large" />
      <RootComponent type="61" schemaName="Icon_Stimulus_cfdaprogram_Medium" />
      <RootComponent type="61" schemaName="Icon_Stimulus_cfdaprogram_Small" />
      <RootComponent type="61" schemaName="Icon_Stimulus_federalagency_Large" />
      <RootComponent type="61" schemaName="Icon_Stimulus_federalagency_Medium" />
      <RootComponent type="61" schemaName="Icon_Stimulus_federalagency_Small" />
      <RootComponent type="61" schemaName="new_arrow_inout" />
      <RootComponent type="61" schemaName="new_arrow_left" />
      <RootComponent type="61" schemaName="new_arrow_right" />
      <RootComponent type="61" schemaName="new_arrow_undo" />
      <RootComponent type="61" schemaName="new_award_icon" />
      <RootComponent type="61" schemaName="new_award_star" />
      <RootComponent type="61" schemaName="new_basket.png" />
      <RootComponent type="61" schemaName="new_bell.png" />
      <RootComponent type="61" schemaName="new_book.png" />
      <RootComponent type="61" schemaName="new_book_addresses.png" />
      <RootComponent type="61" schemaName="new_book_open.png" />
      <RootComponent type="61" schemaName="new_briefcase.png" />
      <RootComponent type="61" schemaName="new_bullet_yellow.png" />
      <RootComponent type="61" schemaName="new_calculator_edit.png" />
      <RootComponent type="61" schemaName="new_chart_curve_link.png" />
      <RootComponent type="61" schemaName="new_checkmark_clipboard" />
      <RootComponent type="61" schemaName="new_clock_stop.png" />
      <RootComponent type="61" schemaName="new_clock_stop_16.png" />
      <RootComponent type="61" schemaName="new_clock_stop_32.png" />
      <RootComponent type="61" schemaName="new_cog_edit.png" />
      <RootComponent type="61" schemaName="new_CompensatedOfficer_Large" />
      <RootComponent type="61" schemaName="new_CompensatedOfficer_Medium" />
      <RootComponent type="61" schemaName="new_CompensatedOfficer_Small" />
      <RootComponent type="61" schemaName="new_computer_link" />
      <RootComponent type="61" schemaName="new_flag_green" />
      <RootComponent type="61" schemaName="new_flag_red.png" />
      <RootComponent type="61" schemaName="new_FundingSourceOnLoad.js" />
      <RootComponent type="61" schemaName="new_GeoAreaServed_Large" />
      <RootComponent type="61" schemaName="new_GeoAreaServed_Medium" />
      <RootComponent type="61" schemaName="new_GeoAreaServed_Small" />
      <RootComponent type="61" schemaName="new_GovContractingOffice_Large" />
      <RootComponent type="61" schemaName="new_GovContractingOffice_Medium" />
      <RootComponent type="61" schemaName="new_GovContractingOffice_Small" />
      <RootComponent type="61" schemaName="new_GrantApplicationOnLoad.js" />
      <RootComponent type="61" schemaName="new_GranteeOnLoad.js" />
      <RootComponent type="61" schemaName="new_GrantManFetchHelper.js" />
      <RootComponent type="61" schemaName="new_GrantReportScheduleOnLoad.js" />
      <RootComponent type="61" schemaName="new_Grants360Banner" />
      <RootComponent type="61" schemaName="new_GrantsManagerBanner.jpg" />
      <RootComponent type="61" schemaName="new_Icon_FedReport_Large" />
      <RootComponent type="61" schemaName="new_Icon_FedSettings_Med" />
      <RootComponent type="61" schemaName="new_Icon_FedSettings_small" />
      <RootComponent type="61" schemaName="new_lightbulb_icone_9117_16.png" />
      <RootComponent type="61" schemaName="new_lightbulb_icone_9117_32.png" />
      <RootComponent type="61" schemaName="new_money_add.png" />
      <RootComponent type="61" schemaName="new_monitor.png" />
      <RootComponent type="61" schemaName="new_monitor_32.png" />
      <RootComponent type="61" schemaName="new_ProgramAttributeOnLoad.js" />
      <RootComponent type="61" schemaName="new_ProgramAwardWizardOnLoad.js" />
      <RootComponent type="61" schemaName="new_ProgramOnLoad.js" />
      <RootComponent type="61" schemaName="new_ProgramReportScheduleOnLoad.js" />
      <RootComponent type="61" schemaName="new_ProjectScoringWizardOnLoad.js" />
      <RootComponent type="61" schemaName="new_ProposalOnLoad.js" />
      <RootComponent type="61" schemaName="new_report.png" />
      <RootComponent type="61" schemaName="new_report_go.png" />
      <RootComponent type="61" schemaName="new_ReviewCriteriaOnLoad" />
      <RootComponent type="61" schemaName="new_ReviewerOnLoad.js" />
      <RootComponent type="61" schemaName="new_ReviewGroupMemberApplicationOnLoad.js" />
      <RootComponent type="61" schemaName="new_ReviewGroupMemberOnLoad.js" />
      <RootComponent type="61" schemaName="new_ReviewGroupOnLoad.js" />
      <RootComponent type="61" schemaName="new_ReviewGroupWizardOnLoad.js" />
      <RootComponent type="61" schemaName="new_ReviewOnLoad.js" />
      <RootComponent type="61" schemaName="new_table_link.png" />
      <RootComponent type="61" schemaName="new_tag_blue.png" />
      <RootComponent type="61" schemaName="new_tag_blue_edit.png" />
      <RootComponent type="61" schemaName="new_tag_blue_edit_16.png" />
      <RootComponent type="61" schemaName="new_tag_blue_edit_32.png" />
      <RootComponent type="61" schemaName="new_thumb_up.png" />
      <RootComponent type="61" schemaName="new_thumb_up_icone_4139_16.png" />
      <RootComponent type="61" schemaName="new_thumb_up_icone_4139_32.png" />
      <RootComponent type="61" schemaName="new_TimeCardOnLoad.js" />
      <RootComponent type="61" schemaName="new_toolbar_refresh" />
      <RootComponent type="61" schemaName="new_VendorOnLoad.js" />
      <RootComponent type="61" schemaName="new_world.png" />
      <RootComponent type="61" schemaName="new_world_add.png" />
      <RootComponent type="61" schemaName="new_zoom.png" />
      <RootComponent type="61" schemaName="pc_applicationhistorylarge" />
      <RootComponent type="61" schemaName="pc_applicationhistorysmall" />
      <RootComponent type="61" schemaName="pc_ContactOnLoad" />
      <RootComponent type="61" schemaName="pc_IndicatorOnLoad" />
      <RootComponent type="61" schemaName="pc_targetlargered" />
      <RootComponent type="61" schemaName="pc_targetsmall" />
      <RootComponent type="61" schemaName="pc_targetsmallred" />
      <RootComponent type="61" schemaName="pc_timelinecalendar16x16" />
      <RootComponent type="61" schemaName="pc_timelinecalendar32x32" />
      <RootComponent type="61" schemaName="pc_volunteerdocumentslarge" />
      <RootComponent type="61" schemaName="pc_volunteerdocumentssmall" />
      <RootComponent type="62" />
      <RootComponent type="63" id="{1d5193d8-ca4c-4fe0-9b6b-fee6bb1961f6}" />
      <RootComponent type="63" id="{1eb54ab1-58b7-4d14-bf39-4f3e402616e8}" />
      <RootComponent type="63" id="{2cccdc24-c150-457a-ad90-fbaf8fec948e}" />
      <RootComponent type="63" id="{35a23b91-ec62-41ea-b5e5-c59b689ff0b4}" />
      <RootComponent type="63" id="{39c47e14-d479-457b-bbb6-bd43af886a05}" />
      <RootComponent type="63" id="{3a71217e-5941-4c4e-a6e8-7fb4df02d5db}" />
      <RootComponent type="63" id="{518d7aaa-3b4c-4041-ad33-a6fd40df6c81}" />
      <RootComponent type="63" id="{63e69a22-8e7f-4524-be97-37e05480f7f0}" />
      <RootComponent type="63" id="{8899231d-1514-423c-a06b-bf269558200a}" />
      <RootComponent type="63" id="{8e91c0f0-7b79-4614-a5b0-273d3e539c00}" />
      <RootComponent type="63" id="{935e8a38-03dd-4fe2-9974-65266bf6fd33}" />
      <RootComponent type="63" id="{949f6099-4b45-471e-96db-59e2dece2af2}" />
      <RootComponent type="63" id="{a061872d-07cf-4de7-8ed0-ef79a55f1a94}" />
      <RootComponent type="63" id="{a428209a-89af-4661-b9bb-9bf455dc0c09}" />
      <RootComponent type="63" id="{adccf191-576b-463b-be78-019a427eb2e5}" />
      <RootComponent type="63" id="{df0bf69f-333c-4e9b-86e7-4ff737bc9343}" />
      <RootComponent type="63" id="{ea5b38ce-a5ee-4ca0-a339-3a51b7da87fe}" />
      <RootComponent type="63" id="{eda69fc6-0b5f-44fb-b584-7dfeb8a925af}" />
      <RootComponent type="63" id="{ee375944-5415-437d-9336-7698cf665b26}" />
      <RootComponent type="70" id="{0771bc37-5d51-e011-a4ee-00155d015917}" />
      <RootComponent type="70" id="{572329c1-a042-4e22-be47-367c6374ea45}" />
      <RootComponent type="70" id="{91abbd7e-5b88-e011-9166-00155d015917}" />
      <RootComponent type="91" schemaName="Crm2011DistributeWF, Version=1.2.0.1, Culture=neutral, PublicKeyToken=4a902766b5361155" />
      <RootComponent type="91" schemaName="PC.Crm.Plugins, Version=1.0.0.0, Culture=neutral, PublicKeyToken=610afc6d579cb370" />
      <RootComponent type="92" id="{497089bc-f67d-e311-9960-005056990032}" />
      <RootComponent type="92" id="{51fbbed3-f67d-e311-9960-005056990032}" />
      <RootComponent type="92" id="{790302ae-f67d-e311-9960-005056990032}" />
      <RootComponent type="92" id="{87bf46a1-f67d-e311-9960-005056990032}" />
      <RootComponent type="92" id="{bb4bddc9-f67d-e311-9960-005056990032}" />
    </RootComponents>
    <MissingDependencies>
      <MissingDependency>
        <Required key="0" type="70" displayName="System Administrator" solution="System" id="{572329c1-a042-4e22-be47-367c6374ea45}" />
        <Dependent key="0" type="70" displayName="System Administrator" id="{572329c1-a042-4e22-be47-367c6374ea45}" />
      </MissingDependency>
      <MissingDependency>
        <Required key="0" type="70" displayName="System Administrator" solution="System" id="{572329c1-a042-4e22-be47-367c6374ea45}" />
        <Dependent key="0" type="70" displayName="System Administrator" id="{572329c1-a042-4e22-be47-367c6374ea45}" />
      </MissingDependency>
      <MissingDependency>
        <Required key="0" type="70" displayName="System Administrator" solution="System" id="{572329c1-a042-4e22-be47-367c6374ea45}" />
        <Dependent key="0" type="70" displayName="System Administrator" id="{572329c1-a042-4e22-be47-367c6374ea45}" />
      </MissingDependency>
      <MissingDependency>
        <Required key="0" type="70" displayName="System Administrator" solution="System" id="{572329c1-a042-4e22-be47-367c6374ea45}" />
        <Dependent key="0" type="70" displayName="System Administrator" id="{572329c1-a042-4e22-be47-367c6374ea45}" />
      </MissingDependency>
    </MissingDependencies>
  </SolutionManifest>
</ImportExportXml>